predictedTag,IN,DT,NNP,CD,NN,``,'',POS,-LRB-,VBN,NNS,VBP,",",CC,-RRB-,VBD,RB,TO,.,VBZ,NNPS,PRP,PRP$,VB,JJ,MD,VBG,RBR,:,WP,WDT,JJR,PDT,RBS,WRB,JJS,$,RP,FW,EX,SYM,#,LS,UH,WP$
PRP$,0,0,0,0,0,0,0,0,0,0,0,0,0,0,0,0,0,0,0,0,0,2,463,0,0,0,0,0,0,0,0,0,0,0,0,0,0,0,0,0,0,0,0,0,0
VBG,0,0,4,0,38,0,0,0,0,0,0,0,0,0,0,0,0,0,0,1,0,0,0,0,9,0,562,0,0,0,0,0,0,0,0,0,0,0,0,0,0,0,0,0,0
VBD,0,0,8,0,1,0,0,0,0,122,2,11,0,0,0,1277,2,0,0,14,0,0,0,0,6,4,2,1,0,0,0,0,0,0,0,0,0,0,0,0,0,0,0,0,0
VBN,0,0,31,21,17,0,0,0,0,796,15,4,0,0,0,115,17,0,0,0,0,0,0,5,57,0,30,0,0,0,0,0,0,0,0,0,0,0,0,0,0,0,0,0,0
",",0,0,0,0,0,0,0,0,0,0,0,0,2446,0,0,0,0,0,0,0,0,0,0,0,0,0,0,0,0,0,0,0,0,0,0,0,0,0,0,0,0,0,0,0,0
'',0,0,0,0,0,0,367,1,0,0,0,0,0,0,0,0,0,0,0,0,0,0,0,0,0,0,0,0,0,0,0,0,0,0,0,0,0,0,0,0,0,0,0,0,0
VBP,0,0,2,0,14,0,0,0,0,3,0,544,0,0,0,5,1,0,0,0,0,0,0,38,3,0,0,0,0,0,0,0,0,0,0,0,0,0,0,0,0,0,0,0,0
WDT,49,2,0,0,0,0,0,0,0,0,0,0,0,0,0,0,0,0,0,0,0,0,0,0,0,0,0,0,0,0,196,0,0,0,0,0,0,0,0,0,0,0,0,0,0
JJ,14,1,99,13,148,0,0,0,0,93,14,4,0,0,0,12,63,0,0,2,5,0,0,17,2505,0,74,1,0,0,0,1,13,0,0,0,0,0,5,0,0,0,0,0,0
WP,0,0,0,0,0,0,0,0,0,0,0,0,0,0,0,0,0,0,0,0,0,0,0,0,0,0,0,0,0,107,2,0,0,0,0,0,0,0,0,0,0,0,0,0,0
VBZ,0,0,5,1,0,0,0,1,0,0,16,0,0,0,0,2,1,0,0,1062,0,0,0,0,1,0,0,0,0,0,0,0,0,0,0,0,0,0,0,0,0,0,0,0,0
DT,5,4247,0,1,0,0,0,0,0,0,0,1,0,1,0,0,7,0,0,0,0,0,0,0,0,0,0,0,0,0,2,0,17,0,0,0,0,0,0,0,0,0,0,1,0
#,0,0,0,0,0,0,0,0,0,0,0,0,0,0,0,0,0,0,0,0,0,0,0,0,0,0,0,0,0,0,0,0,0,0,0,0,0,0,0,0,0,4,0,0,0
RP,22,0,0,0,0,0,0,0,0,0,0,0,0,0,0,0,13,0,0,0,0,0,0,0,0,0,0,0,0,0,0,0,0,0,0,0,0,89,0,0,0,0,0,0,0
$,0,0,0,0,0,0,0,0,0,0,0,0,0,0,0,0,0,0,0,0,0,0,0,0,0,0,0,0,0,0,0,0,0,0,0,0,280,0,0,0,0,0,0,0,0
NN,1,5,258,21,6240,0,0,0,0,26,191,42,0,0,0,27,29,0,0,11,9,1,0,80,392,1,111,0,0,0,0,3,3,0,1,6,0,0,5,0,0,0,0,0,0
FW,0,0,3,0,3,0,0,0,0,0,0,0,0,0,0,0,0,0,0,0,0,0,0,0,0,0,0,0,0,0,0,0,0,0,0,0,0,0,3,0,0,0,0,0,0
POS,0,0,0,0,0,0,3,495,0,0,0,0,0,0,0,0,0,0,0,7,0,1,0,0,0,0,0,0,0,0,0,0,0,0,0,0,0,0,0,0,0,0,0,0,0
.,0,0,0,0,0,0,0,0,0,0,0,0,0,0,0,0,0,0,1997,0,0,0,0,0,0,0,0,0,0,0,0,0,0,0,0,0,0,0,0,0,0,0,0,0,0
TO,0,0,0,0,0,0,0,0,0,0,0,0,0,0,0,0,0,1213,0,0,0,0,0,0,0,0,0,0,0,0,0,0,0,0,0,0,0,0,0,0,0,0,0,0,0
PRP,0,0,1,0,0,0,0,0,0,0,0,1,0,0,0,0,0,0,0,0,0,950,0,0,0,0,0,0,0,0,0,0,0,0,0,0,0,0,0,0,0,0,0,0,0
RB,87,6,1,0,1,0,0,0,0,2,0,1,0,7,0,0,1316,0,0,0,0,0,0,1,24,0,1,27,0,0,0,3,1,0,1,0,0,25,0,1,0,0,0,1,0
-LRB-,0,0,0,0,0,0,0,0,63,0,0,0,0,0,0,0,0,0,0,0,0,0,0,0,0,0,0,0,0,0,0,0,0,0,0,0,0,0,0,0,0,0,0,0,0
:,0,0,0,0,0,0,0,0,0,0,0,0,0,0,0,0,0,0,0,0,0,0,0,0,0,0,0,0,266,0,0,0,0,0,0,0,0,0,0,0,0,0,0,0,0
NNS,0,0,19,9,57,0,0,0,0,5,2648,2,0,0,0,1,4,0,0,56,15,0,0,0,19,0,12,0,0,0,0,1,0,0,0,0,0,0,1,0,0,0,0,0,0
NNP,6,3,4432,26,157,0,0,0,0,19,107,4,0,1,0,27,31,0,0,28,97,0,0,7,134,2,63,0,0,0,0,2,0,0,0,0,0,1,7,0,0,0,0,1,0
``,0,0,0,0,0,384,0,0,0,0,0,0,0,0,0,0,0,0,0,0,0,0,0,0,0,0,0,0,0,0,0,0,0,0,0,0,0,0,0,0,0,0,0,0,0
WRB,0,0,0,0,0,0,0,0,0,0,0,0,0,0,0,0,0,0,0,0,0,0,0,0,0,0,0,0,0,0,0,0,0,0,110,0,0,0,0,0,0,0,0,0,0
CC,0,0,0,0,0,0,0,0,0,0,0,0,0,1203,0,0,0,0,0,0,0,0,0,0,0,0,0,0,0,0,0,0,0,0,0,0,0,0,0,0,0,0,0,0,0
LS,0,0,0,0,0,0,0,0,0,0,0,0,0,0,0,0,0,0,0,0,0,0,0,0,0,0,0,0,0,0,0,0,0,0,0,0,0,0,0,0,0,0,0,0,0
PDT,0,0,0,0,0,0,0,0,0,0,0,0,0,0,0,0,0,0,0,0,0,0,0,0,0,0,0,0,0,0,0,0,0,0,0,0,0,0,0,0,0,0,0,0,0
RBS,0,0,0,0,0,0,0,0,0,0,0,0,0,0,0,0,0,0,0,0,0,0,0,0,0,0,0,0,0,0,0,0,0,12,0,6,0,0,0,0,0,0,0,0,0
RBR,0,0,0,0,0,0,0,0,0,0,0,0,0,0,0,0,0,0,0,0,0,0,0,0,0,0,0,34,0,0,0,27,0,0,0,0,0,0,0,0,0,0,0,0,0
CD,0,1,14,1503,14,0,0,0,0,0,5,0,0,0,0,0,1,0,0,2,0,1,0,1,4,0,5,0,0,0,0,0,0,0,0,0,0,0,0,0,0,0,0,1,0
EX,0,0,0,0,0,0,0,0,0,0,0,0,0,0,0,0,4,0,0,0,0,0,0,0,0,0,0,0,0,0,0,0,0,0,0,0,0,0,0,39,0,0,0,0,0
IN,4987,25,4,0,2,0,0,0,0,0,0,1,0,0,0,0,64,0,0,0,0,0,0,3,1,0,0,0,0,0,41,0,0,0,0,0,0,37,0,0,0,0,0,0,0
WP$,0,0,0,0,0,0,0,0,0,0,0,0,0,0,0,0,0,0,0,0,0,0,0,0,0,0,0,0,0,0,0,0,0,0,0,0,0,0,0,0,0,0,0,0,9
MD,0,0,0,0,4,0,0,0,0,0,0,0,0,0,0,0,0,0,0,0,0,0,0,0,0,532,0,0,0,0,0,0,0,0,0,0,0,0,0,0,0,0,0,0,0
NNPS,0,0,1,0,0,0,0,0,0,0,0,0,0,0,0,0,0,0,0,0,19,0,0,0,0,0,0,0,0,0,0,0,0,0,0,0,0,0,0,0,0,0,0,0,0
-RRB-,0,0,0,0,0,0,0,0,0,0,0,0,0,0,63,0,0,0,0,0,0,0,0,0,0,0,0,0,0,0,0,0,0,0,0,0,0,0,0,0,0,0,0,0,0
JJS,0,0,1,0,0,0,0,0,0,0,0,0,0,0,0,0,1,0,0,0,0,0,0,0,0,0,0,0,0,0,0,0,0,5,0,88,0,0,0,0,0,0,0,0,0
JJR,0,0,0,0,0,0,0,0,0,0,0,0,0,1,0,0,4,0,0,0,0,0,0,1,0,0,0,45,0,0,0,104,0,0,0,1,0,0,0,0,0,0,0,0,0
SYM,0,0,0,0,0,0,0,0,0,0,0,0,0,0,0,0,0,0,0,0,0,0,0,0,0,0,0,0,0,0,0,0,0,0,0,0,0,0,0,0,0,0,0,0,0
VB,0,0,13,17,39,0,0,0,0,9,2,64,0,0,0,8,5,0,0,0,1,0,0,1335,9,0,5,0,0,0,0,1,0,0,0,0,0,0,0,0,0,0,0,0,0
UH,0,0,0,0,0,0,0,0,0,0,0,0,0,0,0,0,0,0,0,0,0,0,0,0,0,0,0,0,0,0,0,0,0,0,0,0,0,0,0,0,0,0,0,0,0
